{
  "configVersion": 1,
  "timestamp": 1652685405220,
  "index": "/index.html",
  "assetGroups": [
    {
      "name": "app",
      "installMode": "prefetch",
      "updateMode": "prefetch",
      "cacheQueryOptions": {
        "ignoreVary": true
      },
      "urls": [
        "/1033.526cf1460b80c02f.js",
        "/1118.a73526cfbeacbb64.js",
        "/1217.d5074c6c2ba8e573.js",
        "/1536.3b79b0456a4c6a61.js",
        "/1650.cbf2388c670cc6c4.js",
        "/1709.c0c47739809eeedc.js",
        "/190.f6aba726a0dc343f.js",
        "/2073.a704bf5f3baacc3d.js",
        "/2289.ab7154bd03ec6a0f.js",
        "/2349.de19df442d059451.js",
        "/2698.091c6952271181ff.js",
        "/2773.fe3d3137aadd58e7.js",
        "/2933.feb48df8cb5f75cc.js",
        "/3041.340e7505372b7fa0.js",
        "/3326.87953457a2065448.js",
        "/3404.ccfcb74efb8be0f5.js",
        "/3583.1e1966de753078d5.js",
        "/3648.3ce621664b9c1c19.js",
        "/3804.8a34ea05b4f33630.js",
        "/388.06d83cffb8aae603.js",
        "/4174.0710a5d35ac11bf2.js",
        "/4330.41bb949dee6eaf2a.js",
        "/4334.b3bcc0ed940d7011.js",
        "/4376.4fe1bbc9407640d2.js",
        "/438.18913e2b29418376.js",
        "/4432.0d4ac27279acfa91.js",
        "/4711.3c015a79bf5de646.js",
        "/4753.68e6f84dd4fd4051.js",
        "/4904.4f61b3ed1eb962af.js",
        "/4908.49dbe1556aabf99b.js",
        "/4959.d56608850c183116.js",
        "/5149.b9e63571cf2ff6a8.js",
        "/5168.5b47c2944c1b0bd6.js",
        "/53.0745d3482d605dd3.js",
        "/5349.539ba006eaec853d.js",
        "/5652.cb43e34987c210ec.js",
        "/5836.9a51d293760a662e.js",
        "/6120.4137ae03b7962e2b.js",
        "/6152.79837eedd94a9553.js",
        "/6326.8e9a7ea32b894c56.js",
        "/6355.e8766cfbe8ab542a.js",
        "/6560.d2072409b7888250.js",
        "/657.31411f818c911e6a.js",
        "/7319.e6d0e3164f323cde.js",
        "/7544.b20de1a307a2059a.js",
        "/7602.7a489cb12332964d.js",
        "/8034.3ae8128899c2878e.js",
        "/8136.ebcc36e454d38a79.js",
        "/8180.fdf05df4c1a40738.js",
        "/8424.0904e8fcc24ff24e.js",
        "/8628.892a1b2b86c18e16.js",
        "/8939.6cf737f694fe32ff.js",
        "/9016.d24bc19d4f59ebbb.js",
        "/9196.b18c8a20834bcb30.js",
        "/9319.5f59c7d8a7dcfe2a.js",
        "/9325.e641e559ee9fd9f2.js",
        "/940.a45e699fbb680f95.js",
        "/9434.df8573af0ea9816a.js",
        "/9536.231fe685bea102a3.js",
        "/9654.dab1bbcff667a97d.js",
        "/9824.de5030d99ac92fba.js",
        "/9922.a56dc38f2fd0395b.js",
        "/9958.715579a8ce177a80.js",
        "/common.2e237250b2e7554a.js",
        "/index.html",
        "/main.5d1537074786fb12.js",
        "/manifest.webmanifest",
        "/polyfills-core-js.b3eb16f0f64e9b8c.js",
        "/polyfills-dom.3a5e3168052f1fc5.js",
        "/polyfills.ff60c501a6550566.js",
        "/runtime.03ce0eb2b96a3893.js",
        "/styles.6b6f1dd8bef1cdce.css"
      ],
      "patterns": []
    },
    {
      "name": "assets",
      "installMode": "lazy",
      "updateMode": "prefetch",
      "cacheQueryOptions": {
        "ignoreVary": true
      },
      "urls": [
        "/Close 1.0a27bb274559823c.png",
        "/Help 1.0b2d009a524eb038.png",
        "/Roboto-Black.6b967f0a592f1f26.woff",
        "/Roboto-Black.ba109b002b3438aa.woff2",
        "/Roboto-Bold.61e800271dc186c3.woff",
        "/Roboto-Bold.d6eae21f3a8f9182.woff2",
        "/Roboto-Light.3504e29b94b27cae.woff",
        "/Roboto-Light.f7e0bb493f84d2e3.woff2",
        "/Roboto-Medium.08d6b9ef747132e3.woff",
        "/Roboto-Medium.38bc903e293ff6f5.woff2",
        "/Roboto-Regular.008e50007572a3bd.woff2",
        "/Roboto-Regular.ee879e8808238b62.woff",
        "/Setting 1.54c9793ee5afdc35.png",
        "/Time 1.cc84ba7190a7c173.png",
        "/assets/font/Roboto-Black.woff",
        "/assets/font/Roboto-Black.woff2",
        "/assets/font/Roboto-Bold.woff",
        "/assets/font/Roboto-Bold.woff2",
        "/assets/font/Roboto-Light.woff",
        "/assets/font/Roboto-Light.woff2",
        "/assets/font/Roboto-Medium.woff",
        "/assets/font/Roboto-Medium.woff2",
        "/assets/font/Roboto-Regular.woff",
        "/assets/font/Roboto-Regular.woff2",
        "/assets/icon/Group 704@2x.svg",
        "/assets/icon/Group 977.svg",
        "/assets/icon/Group 978.svg",
        "/assets/icon/Group.png",
        "/assets/icon/VerdeBooks-website.png",
        "/assets/icon/VerdeBooks-website.svg",
        "/assets/icon/VerdeBooks.jpg",
        "/assets/icon/favicon.png",
        "/assets/icons/icon-128x128.png",
        "/assets/icons/icon-144x144.png",
        "/assets/icons/icon-152x152.png",
        "/assets/icons/icon-192x192.png",
        "/assets/icons/icon-384x384.png",
        "/assets/icons/icon-512x512.png",
        "/assets/icons/icon-72x72.png",
        "/assets/icons/icon-96x96.png",
        "/assets/images/Atttachment 1.png",
        "/assets/images/Bell.svg",
        "/assets/images/Close 1 (1).svg",
        "/assets/images/Close 1 (2).svg",
        "/assets/images/Close 1.png",
        "/assets/images/Close 1.svg",
        "/assets/images/Close-2.png",
        "/assets/images/Company.svg",
        "/assets/images/Delete 1.png",
        "/assets/images/Delete 2.png",
        "/assets/images/Drop-down 1.png",
        "/assets/images/GO PREMIUM BANNER.svg",
        "/assets/images/Graph.gif",
        "/assets/images/Group (1).svg",
        "/assets/images/Group (2).svg",
        "/assets/images/Group (3).svg",
        "/assets/images/Group (4).svg",
        "/assets/images/Group (5).svg",
        "/assets/images/Group 1832.svg",
        "/assets/images/Group 564.svg",
        "/assets/images/Group 661.svg",
        "/assets/images/Group 663.svg",
        "/assets/images/Group 668.svg",
        "/assets/images/Group 670.svg",
        "/assets/images/Group 673.svg",
        "/assets/images/Group 677.svg",
        "/assets/images/Group 678.svg",
        "/assets/images/Group 6781.svg",
        "/assets/images/Group 679 (1).svg",
        "/assets/images/Group 679.svg",
        "/assets/images/Group 680.svg",
        "/assets/images/Group 684.svg",
        "/assets/images/Group 693.svg",
        "/assets/images/Group 694.svg",
        "/assets/images/Group 695.svg",
        "/assets/images/Group 696.svg",
        "/assets/images/Group 701.svg",
        "/assets/images/Group 704@2x.svg",
        "/assets/images/Group 712 (1).svg",
        "/assets/images/Group 712.svg",
        "/assets/images/Group 713.svg",
        "/assets/images/Group 714.svg",
        "/assets/images/Group 715.svg",
        "/assets/images/Group 719.svg",
        "/assets/images/Group 720.svg",
        "/assets/images/Group 721.svg",
        "/assets/images/Group 7212.svg",
        "/assets/images/Group 722.svg",
        "/assets/images/Group 727.svg",
        "/assets/images/Group 730.svg",
        "/assets/images/Group 746 (1).svg",
        "/assets/images/Group 746.svg",
        "/assets/images/Group 747 (1).svg",
        "/assets/images/Group 747.png",
        "/assets/images/Group 747.svg",
        "/assets/images/Group 7472.svg",
        "/assets/images/Group 785.svg",
        "/assets/images/Group 827.svg",
        "/assets/images/Group 831.svg",
        "/assets/images/Group 832.svg",
        "/assets/images/Group 8321.svg",
        "/assets/images/Group 8332.svg",
        "/assets/images/Group 866.svg",
        "/assets/images/Group 898.svg",
        "/assets/images/Group 912.svg",
        "/assets/images/Group 913.svg",
        "/assets/images/Group 915.svg",
        "/assets/images/Group 916.svg",
        "/assets/images/Group 917.svg",
        "/assets/images/Group 918.svg",
        "/assets/images/Group 919.svg",
        "/assets/images/Group 920.svg",
        "/assets/images/Group 933.png",
        "/assets/images/Group 9331.svg",
        "/assets/images/Group 942.svg",
        "/assets/images/Group 948 (1).svg",
        "/assets/images/Group 949.svg",
        "/assets/images/Group 9502x.svg",
        "/assets/images/Group 951.svg",
        "/assets/images/Group 955.svg",
        "/assets/images/Group 956.svg",
        "/assets/images/Group 957.svg",
        "/assets/images/Group 958.svg",
        "/assets/images/Group 977.svg",
        "/assets/images/Group 978.svg",
        "/assets/images/Group-1.png",
        "/assets/images/Group.png",
        "/assets/images/Group.svg",
        "/assets/images/Groupchart.png",
        "/assets/images/Grouppp.svg",
        "/assets/images/Help 1 (1).svg",
        "/assets/images/Help 1 (2).svg",
        "/assets/images/Help 1.png",
        "/assets/images/Help 1.svg",
        "/assets/images/Line 52.png",
        "/assets/images/Logo.png",
        "/assets/images/Rectangle 272.svg",
        "/assets/images/Search.svg",
        "/assets/images/Setting 1.png",
        "/assets/images/Setting 1.svg",
        "/assets/images/Shevron-1 2.png",
        "/assets/images/Time 1 (1).png",
        "/assets/images/Time 1.png",
        "/assets/images/Vector (1).svg",
        "/assets/images/Vectorfilter.png",
        "/assets/images/arrowfil.png",
        "/assets/images/avatar.svg",
        "/assets/images/done.png",
        "/assets/images/employee list.svg",
        "/assets/images/istockphoto-1157099476-170667a.jpeg",
        "/assets/images/pen.svg",
        "/assets/shapes.svg"
      ],
      "patterns": []
    }
  ],
  "dataGroups": [],
  "hashTable": {
    "/1033.526cf1460b80c02f.js": "5dc6a240d8e98a37f84bc2a3c1cc7afbd2cb1127",
    "/1118.a73526cfbeacbb64.js": "27d00466aa8a3b80198947ef449da7c5bf048890",
    "/1217.d5074c6c2ba8e573.js": "6fb45505d24864f2a22004f8af11a1b70f6f63af",
    "/1536.3b79b0456a4c6a61.js": "ec013a8a9946878a6d32d6b78a30dd86613689b1",
    "/1650.cbf2388c670cc6c4.js": "aff46e3548ac617aa1377c4642969e12e946aad4",
    "/1709.c0c47739809eeedc.js": "7df891cd8d95ea677452cf047ea7b6442d945761",
    "/190.f6aba726a0dc343f.js": "44d1f853755aba788f1035862aafa9526a3c4c8a",
    "/2073.a704bf5f3baacc3d.js": "739fff80586878c559eaf471c1fb15c61a54fe9f",
    "/2289.ab7154bd03ec6a0f.js": "d28d87a1579c32c3b670705918cbcd491c7b3455",
    "/2349.de19df442d059451.js": "cfe1c2dc2622f9a78d61a0374913f84fdf5547b3",
    "/2698.091c6952271181ff.js": "6531465995f4cff4ed0cd99ac5f5d03faa3b56e6",
    "/2773.fe3d3137aadd58e7.js": "227a40911b2662aae92569612e74393cbbbdff61",
    "/2933.feb48df8cb5f75cc.js": "8a57f23325ddf2e287e37159235a571c593d5bc3",
    "/3041.340e7505372b7fa0.js": "92899408021ef1ae9877d7d9e1dbb2fac02e54f6",
    "/3326.87953457a2065448.js": "f0bcfd1b01526ed1c28f1e59e71e18e57ed82967",
    "/3404.ccfcb74efb8be0f5.js": "1780ab29c773ee06a1a0472be54b2b803f2dada3",
    "/3583.1e1966de753078d5.js": "9e482ed8cbe4df60350f6548c3b4bdadf8e5c9ab",
    "/3648.3ce621664b9c1c19.js": "3bcc3d8823283496f2897900675f8509aa5f69f3",
    "/3804.8a34ea05b4f33630.js": "74d9248b54590427569ee4594bea8679a1d0fa78",
    "/388.06d83cffb8aae603.js": "c2edcf9ba84d4594a04a071ebcca421931383306",
    "/4174.0710a5d35ac11bf2.js": "41a520b3f008ad72c93a7efad64f36561cce9eab",
    "/4330.41bb949dee6eaf2a.js": "54e54b3bdce714cd88afea7d5cc08d70e2729deb",
    "/4334.b3bcc0ed940d7011.js": "0f0e5c2a4741679ff7cce9f8c27b15920b6084ed",
    "/4376.4fe1bbc9407640d2.js": "b5bacfa9c8f55edd35cd27d066922c9c0d0a9781",
    "/438.18913e2b29418376.js": "384f045d171c42e0b0a6e9d7507f21ac90163b9a",
    "/4432.0d4ac27279acfa91.js": "553531ec3acc7825039502f858ff724a7ec45f64",
    "/4711.3c015a79bf5de646.js": "5a1d76d5615debd97b3804be1ac77304aca2a039",
    "/4753.68e6f84dd4fd4051.js": "9533339598f5d5b03ac412944939b9044b8223eb",
    "/4904.4f61b3ed1eb962af.js": "ca941deb4636ec83532c0e395c291bb7900dbb36",
    "/4908.49dbe1556aabf99b.js": "1a8aa782db48c45f313aaafdca1939b61adf1c48",
    "/4959.d56608850c183116.js": "5a3edb5804ab96c5864bedd807e30147edda246a",
    "/5149.b9e63571cf2ff6a8.js": "6148c301f334294f7ec5c2789dfd5be0a35e74b3",
    "/5168.5b47c2944c1b0bd6.js": "fa35bc9a7fdeabca8fa21df1fcd2fe9689623588",
    "/53.0745d3482d605dd3.js": "fb8416ef8dbf7d1fe9f37754c919183458b9d5d8",
    "/5349.539ba006eaec853d.js": "3370e171bd35d0f41147b4005b1acbac5ae46c88",
    "/5652.cb43e34987c210ec.js": "133746f482e67659c9dc7477d8cd0506d22a93b0",
    "/5836.9a51d293760a662e.js": "262efd215b36440def64ba4f55207ef39dd30845",
    "/6120.4137ae03b7962e2b.js": "7ccc9cad580202a5f9ecd15211e43291653dcfd1",
    "/6152.79837eedd94a9553.js": "7c933b056ec02386ca97ae5496ac31e86ad9ad4e",
    "/6326.8e9a7ea32b894c56.js": "b526263580ad7155b1d74082b5c3a72fb11d9385",
    "/6355.e8766cfbe8ab542a.js": "ac559cda2c7b2782cf75e66cb2ae4e327e6e65a3",
    "/6560.d2072409b7888250.js": "99a89f803c10bf0e71c3f7818231b30d0b290d09",
    "/657.31411f818c911e6a.js": "8d71302d90ab51ac1c683d9f54a6d286f67b32dc",
    "/7319.e6d0e3164f323cde.js": "12c62fc35fa98fa7cfec03037b54ea98d2e6e998",
    "/7544.b20de1a307a2059a.js": "dfae83045239ccbd3288f9428c1483c85b8befde",
    "/7602.7a489cb12332964d.js": "15e52bbe6aea9e0f1f8ee156940b0d9557886178",
    "/8034.3ae8128899c2878e.js": "ec32b8a35b94d870918b051e97391083fb3b8eb0",
    "/8136.ebcc36e454d38a79.js": "cce5993427bc4eada91449f491f8042adc34796b",
    "/8180.fdf05df4c1a40738.js": "fd0e3aca9bb02d9b499db78b2eacc4754c1257fc",
    "/8424.0904e8fcc24ff24e.js": "b04f4b2660d5c9457b7ec5c671feea0bfce6df94",
    "/8628.892a1b2b86c18e16.js": "0acab704e7d9f5f4c7ddd36ecb767d1acd61a64e",
    "/8939.6cf737f694fe32ff.js": "06ba3ba682493f84130914d12b8ac81bebd36c10",
    "/9016.d24bc19d4f59ebbb.js": "e98cee30e68dd8d42d600b11d74d867e1b29afaf",
    "/9196.b18c8a20834bcb30.js": "4e7d51ce6fa1d4804638d73c183184ea4fa61f51",
    "/9319.5f59c7d8a7dcfe2a.js": "e748dab184bbebd26670cdf6b45d8eadb661e1ff",
    "/9325.e641e559ee9fd9f2.js": "3b99975cb2351b8800c9b004eb94e66370ab417b",
    "/940.a45e699fbb680f95.js": "65d057523a2d147d0066c52f04ec7c75993d8a08",
    "/9434.df8573af0ea9816a.js": "aea561cef3551db0c3c4059922d39f12655af45a",
    "/9536.231fe685bea102a3.js": "553062866638e10ef5676b904ee0dd0e4f118657",
    "/9654.dab1bbcff667a97d.js": "4ea6909c8dc01153e0ccefcc049e75f910dd5366",
    "/9824.de5030d99ac92fba.js": "259d5bcb3de48f88b13aa5748ed58f8efe1131ba",
    "/9922.a56dc38f2fd0395b.js": "20f4fc3dea70a01ac8727c03afa03683a8af5fdf",
    "/9958.715579a8ce177a80.js": "9df4b03291be0d7c0167bc5a902f4ee261235f32",
    "/Close 1.0a27bb274559823c.png": "906e2c08dcb0021c9feeae5a7930b1b543fbaeb2",
    "/Help 1.0b2d009a524eb038.png": "1993c85577f3cab685f403c7e6d4e80e4a5c726e",
    "/Roboto-Black.6b967f0a592f1f26.woff": "9531b45881b3ab797ce7f7a6bbc74b657b6d1618",
    "/Roboto-Black.ba109b002b3438aa.woff2": "d24583e0588a6c4e55d99afb3af2e75fdaa5bfaa",
    "/Roboto-Bold.61e800271dc186c3.woff": "1282b9147bdbaadf47a47eeec7d73e7d59b48a90",
    "/Roboto-Bold.d6eae21f3a8f9182.woff2": "59f3738e0d3597ef128c6e91fc5a78dfc3986d4b",
    "/Roboto-Light.3504e29b94b27cae.woff": "0313466c455879eebe48318359cc21b6005755a9",
    "/Roboto-Light.f7e0bb493f84d2e3.woff2": "4ad46b10ac5fe4cbe70161dacbb1564c1946c3e0",
    "/Roboto-Medium.08d6b9ef747132e3.woff": "9b2583eeb950a1be2c20124133e0d908c193efd1",
    "/Roboto-Medium.38bc903e293ff6f5.woff2": "4a1f2cb473c57441f5370154839e7c38a1a8a7a9",
    "/Roboto-Regular.008e50007572a3bd.woff2": "2915741bf3d737044a6ef97afd6d4eabef908479",
    "/Roboto-Regular.ee879e8808238b62.woff": "12f08846940e1bfb9e295da6c4981daadd068c48",
    "/Setting 1.54c9793ee5afdc35.png": "00369e863a88db4da0a3880b5c97cfccd4629ab3",
    "/Time 1.cc84ba7190a7c173.png": "3130cc497a47e60f26d11b954399eefdc07597fe",
    "/assets/font/Roboto-Black.woff": "9531b45881b3ab797ce7f7a6bbc74b657b6d1618",
    "/assets/font/Roboto-Black.woff2": "d24583e0588a6c4e55d99afb3af2e75fdaa5bfaa",
    "/assets/font/Roboto-Bold.woff": "1282b9147bdbaadf47a47eeec7d73e7d59b48a90",
    "/assets/font/Roboto-Bold.woff2": "59f3738e0d3597ef128c6e91fc5a78dfc3986d4b",
    "/assets/font/Roboto-Light.woff": "0313466c455879eebe48318359cc21b6005755a9",
    "/assets/font/Roboto-Light.woff2": "4ad46b10ac5fe4cbe70161dacbb1564c1946c3e0",
    "/assets/font/Roboto-Medium.woff": "9b2583eeb950a1be2c20124133e0d908c193efd1",
    "/assets/font/Roboto-Medium.woff2": "4a1f2cb473c57441f5370154839e7c38a1a8a7a9",
    "/assets/font/Roboto-Regular.woff": "12f08846940e1bfb9e295da6c4981daadd068c48",
    "/assets/font/Roboto-Regular.woff2": "2915741bf3d737044a6ef97afd6d4eabef908479",
    "/assets/icon/Group 704@2x.svg": "e179a4c1f5ee6a027f91e7aa5fe6abd1b27c2cde",
    "/assets/icon/Group 977.svg": "3fe8b3c8719547889510af818bc82a1199c33a26",
    "/assets/icon/Group 978.svg": "409f52ceb1d28427d90e108a2fccddbb31dad79c",
    "/assets/icon/Group.png": "e4bcc4bc4af2b133779cdc3f7dbaa710ae53d343",
    "/assets/icon/VerdeBooks-website.png": "e29888dc218403f0b08d04484a471d85f885d466",
    "/assets/icon/VerdeBooks-website.svg": "c6a0e6152224a8aac40149b4f8409b2801ad1710",
    "/assets/icon/VerdeBooks.jpg": "b06a4faa9c6f7f39cb28479bcdfa6f84cd5534c2",
    "/assets/icon/favicon.png": "7798b8e0eb61d7375c245af78bbf5c916932bf13",
    "/assets/icons/icon-128x128.png": "dae3b6ed49bdaf4327b92531d4b5b4a5d30c7532",
    "/assets/icons/icon-144x144.png": "b0bd89982e08f9bd2b642928f5391915b74799a7",
    "/assets/icons/icon-152x152.png": "7479a9477815dfd9668d60f8b3b2fba709b91310",
    "/assets/icons/icon-192x192.png": "1abd80d431a237a853ce38147d8c63752f10933b",
    "/assets/icons/icon-384x384.png": "329749cd6393768d3131ed6304c136b1ca05f2fd",
    "/assets/icons/icon-512x512.png": "559d9c4318b45a1f2b10596bbb4c960fe521dbcc",
    "/assets/icons/icon-72x72.png": "c457e56089a36952cd67156f9996bc4ce54a5ed9",
    "/assets/icons/icon-96x96.png": "3914125a4b445bf111c5627875fc190f560daa41",
    "/assets/images/Atttachment 1.png": "996ba590c1566155cad6a64c59432c78e9da0ffc",
    "/assets/images/Bell.svg": "e07cf10df3cd56dc0bbf5225bcbc55f87187d525",
    "/assets/images/Close 1 (1).svg": "45dbc84adeb220a8119cc6f47812353d5da080e3",
    "/assets/images/Close 1 (2).svg": "50ed4226c5829c2cfbc1c8b7ad1530fe5bdefbdd",
    "/assets/images/Close 1.png": "906e2c08dcb0021c9feeae5a7930b1b543fbaeb2",
    "/assets/images/Close 1.svg": "45dbc84adeb220a8119cc6f47812353d5da080e3",
    "/assets/images/Close-2.png": "87e21268863cfb88e9fa2682a3d09ef1bb2d9603",
    "/assets/images/Company.svg": "1f6eb06b7eac199d09e1b5cb7931c94a221fd2cf",
    "/assets/images/Delete 1.png": "5d29a0627a0359aab84613264e7a0e6555beb0ca",
    "/assets/images/Delete 2.png": "5d29a0627a0359aab84613264e7a0e6555beb0ca",
    "/assets/images/Drop-down 1.png": "4e3c2db53c7879d6f3869841b49da4f34115cf67",
    "/assets/images/GO PREMIUM BANNER.svg": "02421eb2b7ec94d3ca1ebe0ea100b4e5f0e381b8",
    "/assets/images/Graph.gif": "09119596462a3fce0168e3b8f87eb2707182fa19",
    "/assets/images/Group (1).svg": "8c5b1336823d15cdf76593197e5c880823409507",
    "/assets/images/Group (2).svg": "2f18c833a920c814f2bb82ed19b02cd3491277e7",
    "/assets/images/Group (3).svg": "9488ede628b6c75b5c709a4a475cfafa586d86f8",
    "/assets/images/Group (4).svg": "c808fc8db3357969306e8b9b133c3a45bb37b565",
    "/assets/images/Group (5).svg": "bbb263db2f5e36a795e4eb578b0e18b76f01874f",
    "/assets/images/Group 1832.svg": "6138b2e559c158d7514153b487ba156d47163d8f",
    "/assets/images/Group 564.svg": "915f2efb6ff9fb8a4ba1156adb65a3c0f395c75f",
    "/assets/images/Group 661.svg": "f3df15e201da135fbc3c4053fbcd29173e7e5ab5",
    "/assets/images/Group 663.svg": "8db2a7e4f6fa1afc51502afc2da9fc6f1a8d70e5",
    "/assets/images/Group 668.svg": "42e592bdf9b4d970f09374f288dc1578518db721",
    "/assets/images/Group 670.svg": "e1722ef22e90dfd41e05b37eb14ac485ce5258cc",
    "/assets/images/Group 673.svg": "2a58c56127bd4ced9a526898f58641b0668bc1a2",
    "/assets/images/Group 677.svg": "9c5102e36aa1de80e18ea8b39c3b6f062c96911c",
    "/assets/images/Group 678.svg": "c808fc8db3357969306e8b9b133c3a45bb37b565",
    "/assets/images/Group 6781.svg": "01e686cca3c3994d37a1da2b05d9f87ac3a47abd",
    "/assets/images/Group 679 (1).svg": "9232f129de5d45b885138a026b812f25ad99c5ed",
    "/assets/images/Group 679.svg": "9232f129de5d45b885138a026b812f25ad99c5ed",
    "/assets/images/Group 680.svg": "c4e6599e9a74c2dbb734b95daff05714d0065c65",
    "/assets/images/Group 684.svg": "111c29d9d639bd48f49ebf0e7c5000648c4f2238",
    "/assets/images/Group 693.svg": "15f0280631f066b1bd1b1866561be90c1fc491b1",
    "/assets/images/Group 694.svg": "b283b71920bbb00baed41c22acfe926614ad5129",
    "/assets/images/Group 695.svg": "f9eac8f26c3a55975cfeae7937609ef73d35ce4f",
    "/assets/images/Group 696.svg": "0b6f69a886123d359c22994aee09008dbb33f247",
    "/assets/images/Group 701.svg": "3c7e1abaf5c209c3d2148f225e0a2deb5112fb59",
    "/assets/images/Group 704@2x.svg": "e179a4c1f5ee6a027f91e7aa5fe6abd1b27c2cde",
    "/assets/images/Group 712 (1).svg": "59158567ffd960aa34bb9b9684d2af2a1c457320",
    "/assets/images/Group 712.svg": "908e8c9ec82c43a9a9782b7b40a605ba0a788e27",
    "/assets/images/Group 713.svg": "0264d954108b9f11f2eebaa4cb9561728bb00d9f",
    "/assets/images/Group 714.svg": "e1938a96191bd104afcd0305b716e17fb7877c8d",
    "/assets/images/Group 715.svg": "71884179b0527bc9c7278f486706ce073d434b91",
    "/assets/images/Group 719.svg": "1a828437066f3d20cd27cbd15857ec845b9757ad",
    "/assets/images/Group 720.svg": "b80e7d20da9962abd8dac5e9a91e810b70ea5b0c",
    "/assets/images/Group 721.svg": "e78f1ef2d6334376d89b005f549c1820ffc3652f",
    "/assets/images/Group 7212.svg": "ee998b2fbc31094056a0c16608cd695233903e8c",
    "/assets/images/Group 722.svg": "51c388767cc8e3642fa2094b54972774bbfc2b63",
    "/assets/images/Group 727.svg": "f0c55495682aa778b5f870726902343d54ad7450",
    "/assets/images/Group 730.svg": "61a7cf26734306158ad1f46705b1a53f39ae4bfb",
    "/assets/images/Group 746 (1).svg": "a4ff2a563390ba64c8f3a12c45a1f35873426656",
    "/assets/images/Group 746.svg": "8f750af892e47a00e1d1c62f5e7e8092a8f866e9",
    "/assets/images/Group 747 (1).svg": "7a2f6fbc30097b766b98ef4714fdbf5e0d7d851c",
    "/assets/images/Group 747.png": "a38d651a334d4d563fb9de76a8a1fecd8f35b99f",
    "/assets/images/Group 747.svg": "fed7b091ba09280a84270e6d8e981f3de3fe6db0",
    "/assets/images/Group 7472.svg": "209556e4472397ee69d3244166cf839d53932f36",
    "/assets/images/Group 785.svg": "2b3efd891b344a4844a2d823e2d125ff71333b8b",
    "/assets/images/Group 827.svg": "631c8c2b2634db9c3c7befaf165e32c3f606b369",
    "/assets/images/Group 831.svg": "273c579a7919bd43736eb57d353bed611fb993ce",
    "/assets/images/Group 832.svg": "cd5e970fefd161a328ce17b60d93f4431e83e4b6",
    "/assets/images/Group 8321.svg": "9c32ba7eb477854a8b9a7685725c7ae9c8e6ea09",
    "/assets/images/Group 8332.svg": "2672c9644b5b45af7a5aa0d801d8432ac98bbee8",
    "/assets/images/Group 866.svg": "579c660956837b21823c70e70957d6378f606fba",
    "/assets/images/Group 898.svg": "5729e7c6ea191df4e082d9ac716411cdb4f0918a",
    "/assets/images/Group 912.svg": "4f3ea7d2b3f81738826c79bd0c22180fba787f8d",
    "/assets/images/Group 913.svg": "3b7fadb010a6ebfe7661e692a12fcbb7b545cf26",
    "/assets/images/Group 915.svg": "e80f6ac4961d4c94f41e14bc91770252220bc0d2",
    "/assets/images/Group 916.svg": "9481dd75d63e4251567fb63500af83d296be5929",
    "/assets/images/Group 917.svg": "0541d35f571c25c0d29b39d33883db2366bf2b94",
    "/assets/images/Group 918.svg": "a66e09b3d4777149df2a5cd13105e8b4b061e1c1",
    "/assets/images/Group 919.svg": "0a62afdddbd6833c176e3780d28eb9fe29aeda39",
    "/assets/images/Group 920.svg": "35e420c8dfd1aa901b69d2d79899ec4da044d6c7",
    "/assets/images/Group 933.png": "f0051fc75d8646d0ab4402bf7873be715dab7955",
    "/assets/images/Group 9331.svg": "5d95c7f35237a3ca3a36fcb5d174d84ccdcdd097",
    "/assets/images/Group 942.svg": "5dbcbd3adce0ecb0626e86fb8fce9064fef05e76",
    "/assets/images/Group 948 (1).svg": "0efb29ce2d73be9ed7bfc93dfc01a5076a3b6ffd",
    "/assets/images/Group 949.svg": "9f90c684890a6c5692722f49dc508447635f21f5",
    "/assets/images/Group 9502x.svg": "c9f00701c3d328004de663d971c598a5f8d1df19",
    "/assets/images/Group 951.svg": "3e884aa529579ef7246e1a15edc0c78919a18677",
    "/assets/images/Group 955.svg": "73aace364bce298821a0d255df2bb7524abf1d98",
    "/assets/images/Group 956.svg": "d0e38b8d427d62846b169d644ea75d94d7dfc615",
    "/assets/images/Group 957.svg": "2568c84778c20dbc5c597186a8a9eef42d684d26",
    "/assets/images/Group 958.svg": "ae13f2ac35895757c57d7d75b8f9ca8cffc87039",
    "/assets/images/Group 977.svg": "3fe8b3c8719547889510af818bc82a1199c33a26",
    "/assets/images/Group 978.svg": "409f52ceb1d28427d90e108a2fccddbb31dad79c",
    "/assets/images/Group-1.png": "a1c0c1ce61bd78f9e885ae04e398ca4ad94c35d5",
    "/assets/images/Group.png": "a1c0c1ce61bd78f9e885ae04e398ca4ad94c35d5",
    "/assets/images/Group.svg": "ac1012b74fdd0853f68a5dc54d49bccd070ef042",
    "/assets/images/Groupchart.png": "456bc98e7cd1c4bf65193b888943649d6627b9f9",
    "/assets/images/Grouppp.svg": "2673fefc075afbda0eee430a68dadf20aba9ca26",
    "/assets/images/Help 1 (1).svg": "cdffba3a20c940cc577aa95b36ba9c7c6b447a33",
    "/assets/images/Help 1 (2).svg": "29a9d17931ede0e4c011e90ce9f57556b870c686",
    "/assets/images/Help 1.png": "1993c85577f3cab685f403c7e6d4e80e4a5c726e",
    "/assets/images/Help 1.svg": "cdffba3a20c940cc577aa95b36ba9c7c6b447a33",
    "/assets/images/Line 52.png": "bc3f92f141e130c3613c191d0693bddcf36d3525",
    "/assets/images/Logo.png": "5301290cd085170de735cfcc5554e5661957d8f9",
    "/assets/images/Rectangle 272.svg": "210789a24b953a53c2bc6441cdfbdea3c4dfbddc",
    "/assets/images/Search.svg": "08f7a2174f576df5353614456434d525f9d743f1",
    "/assets/images/Setting 1.png": "00369e863a88db4da0a3880b5c97cfccd4629ab3",
    "/assets/images/Setting 1.svg": "7fff241a4885ce542a1b0efc553ac81bd81f701e",
    "/assets/images/Shevron-1 2.png": "a93572c87a762e0a0b31c3f435aecfb3d6d27208",
    "/assets/images/Time 1 (1).png": "f265576254f1298ee82be39fcbb9dc44a03d5d2a",
    "/assets/images/Time 1.png": "3130cc497a47e60f26d11b954399eefdc07597fe",
    "/assets/images/Vector (1).svg": "b99847504289d61b298ffa354d6733357d1127ee",
    "/assets/images/Vectorfilter.png": "28224ccfeaadc5155f20ce516a7fc3aae8d57c29",
    "/assets/images/arrowfil.png": "cfa5038e455acb11e0bbfd5e39561b97cf413252",
    "/assets/images/avatar.svg": "ccd5bbfc4281558bd2baffcb81d5f8b1ac51687b",
    "/assets/images/done.png": "511f7aa3ca714a229fe649578ecc5cc13933477b",
    "/assets/images/employee list.svg": "b796dac44a470d1941ba6634d58de7db170e27b2",
    "/assets/images/istockphoto-1157099476-170667a.jpeg": "ae7a694f8327978f3b30056e2c8fa157509b1287",
    "/assets/images/pen.svg": "d4ea53bf044f4d58aa03ec91951652dd50619135",
    "/assets/shapes.svg": "5413e95adabcb2cb639970051f55e0ddb64ace53",
    "/common.2e237250b2e7554a.js": "ff2c04aa837b6556c2bdc1bae0b97d4f661f6104",
    "/index.html": "3725118af92d6fb0323aeee1ba1db775783acf37",
    "/main.5d1537074786fb12.js": "7ea1ee6b6da3d38b0424df2ccd9579eaefb3d697",
    "/manifest.webmanifest": "9a088b7c4339228d1082e666ce105dc889bc180c",
    "/polyfills-core-js.b3eb16f0f64e9b8c.js": "74f73ddfbee814abfb2702e1dd9ca4c9ddb994c5",
    "/polyfills-dom.3a5e3168052f1fc5.js": "50f6ff473a0568bffb8a9d412d7efaced2d36137",
    "/polyfills.ff60c501a6550566.js": "a7a9a0cf8c6758d0c2721afd936fe152937b31f6",
    "/runtime.03ce0eb2b96a3893.js": "77c55306447a5c2071e2ed7d5ac5fd02304a79e5",
    "/styles.6b6f1dd8bef1cdce.css": "5f8f3e00736df48f2da21771e7c075c1f96c72bb"
  },
  "navigationUrls": [
    {
      "positive": true,
      "regex": "^\\/.*$"
    },
    {
      "positive": false,
      "regex": "^\\/(?:.+\\/)?[^/]*\\.[^/]*$"
    },
    {
      "positive": false,
      "regex": "^\\/(?:.+\\/)?[^/]*__[^/]*$"
    },
    {
      "positive": false,
      "regex": "^\\/(?:.+\\/)?[^/]*__[^/]*\\/.*$"
    }
  ],
  "navigationRequestStrategy": "performance"
}